family,sequence,ops,actual_us,pred_us,error_us,abs_error_us,train_rows,features,ridge,train_rmse_us
attn_tail,QSAO,qk_scores->softmax->av->o_proj,149.42700000002515,126.8553620225165,-22.571637977508644,22.571637977508644,12,39,1.0,6.791255157399408
attn_tail,SAOR,softmax->av->o_proj->residual_add,143.2139999999199,131.6071043755582,-11.606895624361698,11.606895624361698,12,39,1.0,6.791255157399408
mlp_tail,GIXD,gate_proj->silu->mul_up_act->down_proj,540.0030000000261,550.1128014470842,10.10980144705809,10.10980144705809,12,39,1.0,22.195219873242518
mlp_tail,IXDR,silu->mul_up_act->down_proj->residual_add,279.77799999993294,313.545479682449,33.76747968251607,33.76747968251607,12,39,1.0,22.195219873242518
